Timestamp,1,2,3,4,5,6,7,8,9,10,11,12,13,14,15,16,17,18,19,20,21,22,23,24,25,26,27,28,29,30
1/9/2026 16:09:51,10,8,5,10,10,7,10,1,10,10,1,3,9,1,4,9,2,0,2,1,1,1,8,0,5,1,0,1,3,0
1/9/2026 16:10:10,5,4,2,8,10,10,10,6,8,5,0,9,7,0,5,4,9,0,0,1,1,0,10,4,4,8,0,1,4,1
1/9/2026 16:17:51,9,4,5,8,10,8,10,6,9,1,0,7,9,1,10,4,8,0,7,2,4,0,8,5,2,7,0,1,4,2
1/9/2026 16:19:32,10,10,10,10,10,10,10,10,10,10,10,10,10,10,10,10,,10,10,10,10,10,10,10,10,10,10,10,10,10
1/9/2026 16:21:45,9,7,7,10,10,10,9,5,9,10,5,3,8,5,8,8,6,0,8,0,7,1,7,2,5,6,0,7,10,6
1/9/2026 16:24:49,6,3,6,9,6,4,10,3,7,3,3,4,5,4,6,9,9,2,6,2,8,2,9,2,7,4,0,5,10,6
1/9/2026 16:26:44,10,9,2,9,10,10,9,3,10,10,3,10,5,6,6,4,4,0,7,2,2,0,1,3,5,4,1,4,10,6
1/9/2026 16:29:00,10,7,6,10,9,9,10,8,10,4,5,6,7,6,10,2,8,3,7,7,8,3,9,10,5,4,0,0,8,8
1/9/2026 16:30:04,10,9,3,8,7,10,10,2,6,10,1,6,7,0,7,7,10,1,0,1,9,1,6,6,4,9,0,2,7,4
1/9/2026 16:30:24,9,1,9,10,10,5,10,1,1,2,8,3,3,10,5,2,10,1,3,1,10,1,9,8,0,10,0,6,1,1
1/9/2026 16:38:35,10,,6,10,10,10,10,7,10,0,1,8,5,6,7,1,7,0,0,0,,0,10,0,10,10,0,7,10,0
1/9/2026 16:57:44,10,8,10,10,8,10,10,10,10,10,4,10,10,8,8,10,10,2,8,3,10,8,10,7,2,10,0,7,10,9
1/9/2026 17:06:56,10,10,2,10,9,10,10,9,9,8,5,7,9,10,7,8,6,0,10,1,10,0,,1,8,9,0,9,10,1
1/9/2026 17:27:35,10,6,7,10,9,10,10,6,8,3,2,4,9,2,5,8,8,3,10,1,8,5,8,6,5,6,1,6,10,6
1/9/2026 17:37:57,10,4,7,10,1,9,10,5,7,2,4,4,7,4,8,9,10,1,3,9,4,3,10,0,2,3,0,8,10,10
1/9/2026 17:52:39,5,2,3,3,6,3,8,1,1,3,1,1,3,3,3,1,8,1,4,1,3,1,3,2,4,4,0,8,10,3
1/9/2026 18:14:01,9,3,1,10,8,8,10,7,6,7,0,3,5,10,3,6,5,0,2,0,5,0,10,0,5,10,0,1,10,5
1/9/2026 18:16:11,10,6,8,10,9,10,10,8,7,6,3,10,9,6,7,8,8,3,9,2,9,7,8,8,2,10,2,6,10,7
1/9/2026 21:53:03,9,7,9,10,9,10,10,8,10,10,9,10,10,9,9,10,9,9,10,10,10,9,9,10,7,10,8,8,10,10
1/9/2026 22:39:33,0,0,10,10,0,10,10,0,10,0,0,10,10,10,10,10,10,0,0,10,10,0,10,10,0,10,0,0,10,0